2026/09/24 12:39:08.856, 1 MiB, 24564 MiB
2026/09/24 12:39:11.858, 1 MiB, 24564 MiB
2026/09/24 12:39:14.859, 1 MiB, 24564 MiB
2026/09/24 12:39:17.860, 1 MiB, 24564 MiB
2026/09/24 12:39:20.861, 1 MiB, 24564 MiB
2026/09/24 12:39:23.862, 1 MiB, 24564 MiB
2026/09/24 12:39:26.863, 1 MiB, 24564 MiB
2026/09/24 12:39:29.864, 1 MiB, 24564 MiB
2026/09/24 12:39:32.865, 1 MiB, 24564 MiB
2026/09/24 12:39:35.867, 1 MiB, 24564 MiB
2026/09/24 12:39:38.868, 1 MiB, 24564 MiB
2026/09/24 12:39:41.870, 1 MiB, 24564 MiB
2026/09/24 12:39:44.871, 1 MiB, 24564 MiB
2026/09/24 12:39:47.872, 1 MiB, 24564 MiB
2026/09/24 12:39:50.873, 1 MiB, 24564 MiB
2026/09/24 12:39:53.874, 1 MiB, 24564 MiB
2026/09/24 12:39:56.876, 1 MiB, 24564 MiB
2026/09/24 12:39:59.876, 1 MiB, 24564 MiB
2026/09/24 12:40:02.877, 1 MiB, 24564 MiB
2026/09/24 12:40:05.878, 1 MiB, 24564 MiB
2026/09/24 12:40:08.879, 1 MiB, 24564 MiB
2026/09/24 12:40:11.882, 1 MiB, 24564 MiB
2026/09/24 12:40:14.883, 1 MiB, 24564 MiB
2026/09/24 12:40:17.883, 1 MiB, 24564 MiB
2026/09/24 12:40:20.885, 1 MiB, 24564 MiB
2026/09/24 12:40:23.886, 1 MiB, 24564 MiB
2026/09/24 12:40:26.887, 1 MiB, 24564 MiB
2026/09/24 12:40:29.888, 1 MiB, 24564 MiB
2026/09/24 12:40:32.889, 1 MiB, 24564 MiB
2026/09/24 12:40:35.890, 1 MiB, 24564 MiB
2026/09/24 12:40:38.891, 1396 MiB, 24564 MiB
2026/09/24 12:40:41.893, 2270 MiB, 24564 MiB
2026/09/24 12:40:44.895, 3274 MiB, 24564 MiB
2026/09/24 12:40:47.896, 4338 MiB, 24564 MiB
2026/09/24 12:40:50.897, 5178 MiB, 24564 MiB
2026/09/24 12:40:53.898, 6214 MiB, 24564 MiB
2026/09/24 12:40:56.899, 7278 MiB, 24564 MiB
2026/09/24 12:40:59.900, 8150 MiB, 24564 MiB
2026/09/24 12:41:02.901, 9154 MiB, 24564 MiB
2026/09/24 12:41:05.902, 9994 MiB, 24564 MiB
2026/09/24 12:41:08.903, 11058 MiB, 24564 MiB
2026/09/24 12:41:11.918, 11898 MiB, 24564 MiB
2026/09/24 12:41:14.919, 12770 MiB, 24564 MiB
2026/09/24 12:41:17.920, 13630 MiB, 24564 MiB
2026/09/24 12:41:20.921, 14614 MiB, 24564 MiB
2026/09/24 12:41:23.922, 15840 MiB, 24564 MiB
2026/09/24 12:41:26.924, 15840 MiB, 24564 MiB
2026/09/24 12:41:29.925, 1458 MiB, 24564 MiB
2026/09/24 12:41:32.926, 15902 MiB, 24564 MiB
2026/09/24 12:41:35.927, 5660 MiB, 24564 MiB
2026/09/24 12:41:38.929, 16062 MiB, 24564 MiB
2026/09/24 12:41:41.931, 1 MiB, 24564 MiB
2026/09/24 12:41:44.932, 1 MiB, 24564 MiB
2026/09/24 12:41:47.933, 1 MiB, 24564 MiB
2026/09/24 12:41:50.934, 1 MiB, 24564 MiB
2026/09/24 12:41:53.935, 1 MiB, 24564 MiB
2026/09/24 12:41:56.936, 1 MiB, 24564 MiB
2026/09/24 12:41:59.937, 1 MiB, 24564 MiB
2026/09/24 12:42:02.938, 1 MiB, 24564 MiB
2026/09/24 12:42:05.939, 1 MiB, 24564 MiB
2026/09/24 12:42:08.940, 1 MiB, 24564 MiB
2026/09/24 12:42:11.942, 1 MiB, 24564 MiB
2026/09/24 12:42:14.943, 1 MiB, 24564 MiB
2026/09/24 12:42:17.944, 1 MiB, 24564 MiB
2026/09/24 12:42:20.945, 1 MiB, 24564 MiB
2026/09/24 12:42:23.946, 1 MiB, 24564 MiB
2026/09/24 12:42:26.947, 1 MiB, 24564 MiB
2026/09/24 12:42:29.948, 1 MiB, 24564 MiB
2026/09/24 12:42:32.949, 1 MiB, 24564 MiB
2026/09/24 12:42:35.950, 1 MiB, 24564 MiB
2026/09/24 12:42:38.951, 1 MiB, 24564 MiB
2026/09/24 12:42:41.954, 1 MiB, 24564 MiB
2026/09/24 12:42:44.954, 1 MiB, 24564 MiB
2026/09/24 12:42:47.955, 1 MiB, 24564 MiB
2026/09/24 12:42:50.956, 1 MiB, 24564 MiB
2026/09/24 12:42:53.957, 1 MiB, 24564 MiB
2026/09/24 12:42:56.959, 1 MiB, 24564 MiB
2026/09/24 12:42:59.960, 1 MiB, 24564 MiB
2026/09/24 12:43:02.961, 1 MiB, 24564 MiB
2026/09/24 12:43:05.962, 1 MiB, 24564 MiB
2026/09/24 12:43:08.963, 1 MiB, 24564 MiB
2026/09/24 12:43:11.964, 1 MiB, 24564 MiB
2026/09/24 12:43:14.965, 1 MiB, 24564 MiB
2026/09/24 12:43:17.967, 1 MiB, 24564 MiB
2026/09/24 12:43:20.968, 1448 MiB, 24564 MiB
2026/09/24 12:43:23.969, 2238 MiB, 24564 MiB
2026/09/24 12:43:26.969, 3274 MiB, 24564 MiB
2026/09/24 12:43:29.970, 4114 MiB, 24564 MiB
2026/09/24 12:43:32.971, 5178 MiB, 24564 MiB
2026/09/24 12:43:35.972, 6070 MiB, 24564 MiB
2026/09/24 12:43:38.973, 6942 MiB, 24564 MiB
2026/09/24 12:43:41.975, 8118 MiB, 24564 MiB
2026/09/24 12:43:44.976, 8958 MiB, 24564 MiB
2026/09/24 12:43:47.977, 9994 MiB, 24564 MiB
2026/09/24 12:43:50.978, 10834 MiB, 24564 MiB
2026/09/24 12:43:53.979, 11898 MiB, 24564 MiB
2026/09/24 12:43:56.980, 12790 MiB, 24564 MiB
2026/09/24 12:43:59.981, 13774 MiB, 24564 MiB
2026/09/24 12:44:02.982, 14838 MiB, 24564 MiB
2026/09/24 12:44:05.983, 15840 MiB, 24564 MiB
2026/09/24 12:44:08.984, 15840 MiB, 24564 MiB
2026/09/24 12:44:11.986, 3560 MiB, 24564 MiB
2026/09/24 12:44:14.987, 15928 MiB, 24564 MiB
2026/09/24 12:44:17.988, 7648 MiB, 24564 MiB
2026/09/24 12:44:20.989, 1620 MiB, 24564 MiB
