2026/09/25 23:46:13.146, 1 MiB, 24564 MiB
2026/09/25 23:46:16.147, 1 MiB, 24564 MiB
2026/09/25 23:46:19.147, 1 MiB, 24564 MiB
2026/09/25 23:46:22.148, 1 MiB, 24564 MiB
2026/09/25 23:46:25.148, 1 MiB, 24564 MiB
2026/09/25 23:46:28.148, 1 MiB, 24564 MiB
2026/09/25 23:46:31.149, 1 MiB, 24564 MiB
2026/09/25 23:46:34.149, 1 MiB, 24564 MiB
2026/09/25 23:46:37.150, 1 MiB, 24564 MiB
2026/09/25 23:46:40.150, 1 MiB, 24564 MiB
2026/09/25 23:46:43.151, 1 MiB, 24564 MiB
2026/09/25 23:46:46.152, 1 MiB, 24564 MiB
2026/09/25 23:46:49.152, 1 MiB, 24564 MiB
2026/09/25 23:46:52.153, 1 MiB, 24564 MiB
2026/09/25 23:46:55.153, 1 MiB, 24564 MiB
2026/09/25 23:46:58.154, 1 MiB, 24564 MiB
2026/09/25 23:47:01.154, 1 MiB, 24564 MiB
2026/09/25 23:47:04.155, 1 MiB, 24564 MiB
2026/09/25 23:47:07.155, 1 MiB, 24564 MiB
2026/09/25 23:47:10.156, 1 MiB, 24564 MiB
2026/09/25 23:47:13.156, 1 MiB, 24564 MiB
2026/09/25 23:47:16.157, 1 MiB, 24564 MiB
2026/09/25 23:47:19.158, 1398 MiB, 24564 MiB
2026/09/25 23:47:22.158, 2660 MiB, 24564 MiB
2026/09/25 23:47:25.159, 3920 MiB, 24564 MiB
2026/09/25 23:47:28.160, 5180 MiB, 24564 MiB
2026/09/25 23:47:31.160, 5652 MiB, 24564 MiB
2026/09/25 23:47:34.161, 7056 MiB, 24564 MiB
2026/09/25 23:47:37.161, 8316 MiB, 24564 MiB
2026/09/25 23:47:40.162, 9576 MiB, 24564 MiB
2026/09/25 23:47:43.162, 10724 MiB, 24564 MiB
2026/09/25 23:47:46.164, 11952 MiB, 24564 MiB
2026/09/25 23:47:49.164, 13356 MiB, 24564 MiB
2026/09/25 23:47:52.165, 14728 MiB, 24564 MiB
2026/09/25 23:47:55.166, 15914 MiB, 24564 MiB
2026/09/25 23:47:58.167, 18462 MiB, 24564 MiB
2026/09/25 23:48:01.167, 18464 MiB, 24564 MiB
2026/09/25 23:48:04.168, 18464 MiB, 24564 MiB
2026/09/25 23:48:07.168, 18464 MiB, 24564 MiB
2026/09/25 23:48:10.169, 18464 MiB, 24564 MiB
2026/09/25 23:48:13.169, 18464 MiB, 24564 MiB
2026/09/25 23:48:16.171, 18464 MiB, 24564 MiB
2026/09/25 23:48:19.171, 18464 MiB, 24564 MiB
2026/09/25 23:48:22.172, 18464 MiB, 24564 MiB
2026/09/25 23:48:25.173, 18464 MiB, 24564 MiB
2026/09/25 23:48:28.173, 18464 MiB, 24564 MiB
2026/09/25 23:48:31.174, 18464 MiB, 24564 MiB
2026/09/25 23:48:34.175, 18464 MiB, 24564 MiB
2026/09/25 23:48:37.175, 18464 MiB, 24564 MiB
2026/09/25 23:48:40.176, 18464 MiB, 24564 MiB
2026/09/25 23:48:43.176, 18464 MiB, 24564 MiB
2026/09/25 23:48:46.177, 18464 MiB, 24564 MiB
2026/09/25 23:48:49.178, 18464 MiB, 24564 MiB
2026/09/25 23:48:52.178, 18464 MiB, 24564 MiB
2026/09/25 23:48:55.179, 18464 MiB, 24564 MiB
2026/09/25 23:48:58.179, 18464 MiB, 24564 MiB
2026/09/25 23:49:01.180, 18464 MiB, 24564 MiB
2026/09/25 23:49:04.181, 18464 MiB, 24564 MiB
2026/09/25 23:49:07.181, 18464 MiB, 24564 MiB
2026/09/25 23:49:10.182, 18464 MiB, 24564 MiB
2026/09/25 23:49:13.182, 18464 MiB, 24564 MiB
2026/09/25 23:49:16.184, 18464 MiB, 24564 MiB
2026/09/25 23:49:19.185, 18464 MiB, 24564 MiB
2026/09/25 23:49:22.185, 18464 MiB, 24564 MiB
2026/09/25 23:49:25.186, 18464 MiB, 24564 MiB
2026/09/25 23:49:28.186, 18464 MiB, 24564 MiB
2026/09/25 23:49:31.187, 18464 MiB, 24564 MiB
2026/09/25 23:49:34.187, 18464 MiB, 24564 MiB
2026/09/25 23:49:37.188, 18464 MiB, 24564 MiB
2026/09/25 23:49:40.189, 18464 MiB, 24564 MiB
2026/09/25 23:49:43.189, 18464 MiB, 24564 MiB
2026/09/25 23:49:46.190, 18464 MiB, 24564 MiB
2026/09/25 23:49:49.191, 18464 MiB, 24564 MiB
2026/09/25 23:49:52.191, 18464 MiB, 24564 MiB
2026/09/25 23:49:55.192, 18464 MiB, 24564 MiB
2026/09/25 23:49:58.192, 18464 MiB, 24564 MiB
2026/09/25 23:50:01.193, 18464 MiB, 24564 MiB
2026/09/25 23:50:04.193, 18464 MiB, 24564 MiB
2026/09/25 23:50:07.194, 18464 MiB, 24564 MiB
2026/09/25 23:50:10.194, 18464 MiB, 24564 MiB
2026/09/25 23:50:13.195, 18464 MiB, 24564 MiB
2026/09/25 23:50:16.196, 18464 MiB, 24564 MiB
2026/09/25 23:50:19.196, 18464 MiB, 24564 MiB
2026/09/25 23:50:22.197, 18464 MiB, 24564 MiB
2026/09/25 23:50:25.197, 18464 MiB, 24564 MiB
2026/09/25 23:50:28.198, 18464 MiB, 24564 MiB
2026/09/25 23:50:31.198, 18464 MiB, 24564 MiB
2026/09/25 23:50:34.199, 18464 MiB, 24564 MiB
2026/09/25 23:50:37.199, 18464 MiB, 24564 MiB
2026/09/25 23:50:40.200, 18464 MiB, 24564 MiB
2026/09/25 23:50:43.200, 18464 MiB, 24564 MiB
2026/09/25 23:50:46.213, 18464 MiB, 24564 MiB
2026/09/25 23:50:49.214, 18464 MiB, 24564 MiB
2026/09/25 23:50:52.214, 18464 MiB, 24564 MiB
